{
    "x": [
        1,
        2,
        4,
        8,
        16
    ],
    "y": [
        1022.7473,
        1030.31486,
        1024.2664399999999,
        1011.7247,
        1028.33866
    ]
}