{
    "x": [
        1,
        2,
        4,
        8,
        16
    ],
    "y": [
        1038.8524,
        1026.1874,
        1030.86618,
        1025.3822599999999,
        1028.6952999999999
    ]
}