{
    "x": [
        1,
        2,
        4,
        8,
        16
    ],
    "y": [
        3.58494,
        1.22485,
        1.23887,
        1.2666,
        1.26545
    ]
}