{
    "x": [
        1,
        2,
        4,
        8,
        16
    ],
    "y": [
        6.83396,
        1.38544,
        1.35733,
        1.40565,
        1.34649
    ]
}