{
    "x": [
        1,
        2,
        4,
        8,
        16
    ],
    "y": [
        3.617456,
        1.2360920000000002,
        1.253508,
        1.235436,
        1.253956
    ]
}