{
    "x": [
        1,
        2,
        4,
        8,
        16
    ],
    "y": [
        29.595932,
        0.145962,
        0.0599513,
        0.0363062,
        0.0141713
    ]
}