{
    "x": [
        1,
        2,
        4,
        8,
        16
    ],
    "y": [
        25.660966600000002,
        0.153849,
        0.07379958,
        0.03722948,
        0.013499041600000001
    ]
}