{
    "x": [
        1,
        2,
        4,
        8,
        16
    ],
    "y": [
        27.911039999999996,
        27.01212,
        37.49844,
        68.81916,
        61.411699999999996
    ]
}