{
    "x": [
        1,
        2,
        4,
        8,
        16
    ],
    "y": [
        111.0208598,
        102.3549162,
        150.287773,
        215.6206357,
        196.2376631
    ]
}