{
    "x": [
        1,
        2,
        4,
        8,
        16
    ],
    "y": [
        105.53525,
        99.82175000000001,
        126.29225,
        202.84875,
        184.06125
    ]
}