{
    "x": [
        0,
        1,
        2
    ],
    "y": [
        22594.650332052177,
        22593.032231749246,
        22592.09059546316
    ]
}