{
    "x": [
        0,
        1
    ],
    "y": [
        12162.144438385014,
        12161.729143930988
    ]
}