{
    "x": [
        1,
        2,
        3
    ],
    "y": [
        56215.994418187765,
        56212.58790899748,
        56210.603230643086
    ]
}