{
    "x": [
        0,
        1,
        2
    ],
    "y": [
        56308.89380727778,
        56303.86578711971,
        56301.40073127895
    ]
}