{
    "x": [
        1,
        2
    ],
    "y": [
        22568.629381865536,
        22567.894325607787
    ]
}