{
    "x": [
        1,
        2
    ],
    "y": [
        39041.55483094537,
        39040.37609900527
    ]
}