{
    "x": [
        0,
        1,
        2
    ],
    "y": [
        39101.366334077014,
        39098.8471519287,
        39097.47325865418
    ]
}