{
    "x": [
        1,
        2
    ],
    "y": [
        12151.109471703714,
        12150.82297432406
    ]
}