{
    "x": [
        0,
        1,
        2,
        3,
        4,
        5,
        6,
        7,
        8,
        9,
        10,
        11,
        12,
        13,
        14,
        15,
        16,
        17,
        18,
        19,
        20
    ],
    "y": [
        56308.89380727778,
        56240.894069371665,
        56174.51343404997,
        56108.94728660805,
        56043.991154713505,
        55980.678136782975,
        55919.25451421136,
        55859.30935924576,
        55799.631789395244,
        55767.34137189472,
        55737.13323016081,
        55710.51720746447,
        55688.1546477649,
        55666.99445961609,
        55646.02021038962,
        55626.677744692424,
        55607.963106352596,
        55591.00330669966,
        55574.864302982336,
        55559.07140359598,
        55543.78770108009
    ]
}