{
    "x": [
        0,
        1,
        2,
        3,
        4,
        5,
        6,
        7,
        8,
        9
    ],
    "y": [
        22594.650332052177,
        22314.321682509668,
        22036.4582438801,
        21758.973013193434,
        21484.797629810815,
        21212.45105651173,
        20940.715962155144,
        20669.441322426286,
        20400.81659013969,
        20133.802131677927
    ]
}