{
    "x": [
        0,
        1,
        2,
        3,
        4,
        5,
        6,
        7,
        8,
        9,
        10,
        11,
        12,
        13,
        14,
        15,
        16,
        17,
        18,
        19,
        20
    ],
    "y": [
        39101.366334077014,
        38941.416566099244,
        38782.61340078732,
        38623.884439358364,
        38465.70591732336,
        38308.817414148405,
        38154.24401194258,
        38000.991415753604,
        37849.558004773105,
        37700.254390635404,
        37557.952661766045,
        37538.239955279765,
        37518.80824907557,
        37499.697849670665,
        37480.902208838124,
        37462.48589428976,
        37444.11807485827,
        37425.82686030994,
        37407.58126290307,
        37389.78841179495,
        37372.283493428586
    ]
}