{
    "x": [
        0,
        1,
        2,
        3,
        4,
        5,
        6,
        7,
        8,
        9,
        10,
        11,
        12,
        13,
        14,
        15,
        16,
        17,
        18,
        19,
        20
    ],
    "y": [
        56308.89380727778,
        56235.12513704122,
        56163.734753552955,
        56093.145091676946,
        56022.6699708787,
        55953.45372724986,
        55886.5089655663,
        55819.6899009777,
        55753.14032695115,
        55687.37058691141,
        55625.35935139748,
        55587.80782977288,
        55554.23643859544,
        55522.130665129545,
        55491.51519300828,
        55461.22037439543,
        55431.29748741373,
        55402.09347521649,
        55373.24489739664,
        55344.43394765857,
        55316.159429818195
    ]
}