{
    "x": [
        0,
        1,
        2,
        3,
        4,
        5,
        6,
        7,
        8,
        9
    ],
    "y": [
        39101.366334077014,
        38941.416566099244,
        38782.61340078732,
        38623.884439358364,
        38465.70591732336,
        38308.817414148405,
        38154.24401194258,
        38000.991415753604,
        37849.558004773105,
        37700.254390635404
    ]
}