{
    "x": [
        0,
        1,
        2,
        3,
        4,
        5,
        6,
        7,
        8,
        9
    ],
    "y": [
        12162.144438385014,
        11757.873588630751,
        11354.856223973617,
        10958.164953964608,
        10561.804254561473,
        10167.86579893644,
        9774.16450995113,
        9380.842267266786,
        8988.67946686404,
        8597.018255624358
    ]
}