{
    "x": [
        0,
        1,
        2,
        3,
        4,
        5,
        6,
        7,
        8,
        9
    ],
    "y": [
        12155.359491240371,
        11754.65454170067,
        11355.196735516873,
        10956.892409902166,
        10559.590298977266,
        10163.523282195783,
        9768.733872373032,
        9375.71591492948,
        8984.07772993901,
        8593.485549993426
    ]
}