{
    "x": [
        0,
        1,
        2,
        3,
        4,
        5,
        6,
        7,
        8,
        9,
        10,
        11,
        12,
        13,
        14,
        15,
        16,
        17,
        18,
        19,
        20
    ],
    "y": [
        56289.197228957106,
        56213.39547872669,
        56139.19251097729,
        56066.312889282606,
        55995.34473583618,
        55924.874749749935,
        55855.35096210849,
        55787.97952842041,
        55721.77950793215,
        55656.952888553904,
        55594.022776242484,
        55559.679908951955,
        55527.48561617889,
        55496.03530987643,
        55465.267938276156,
        55435.254740559496,
        55405.78370805071,
        55376.67774741701,
        55347.940920706045,
        55319.442818846626,
        55291.223638708485
    ]
}