{
    "x": [
        0,
        1,
        2,
        3,
        4,
        5,
        6,
        7,
        8,
        9
    ],
    "y": [
        7658.055965193727,
        7168.395632495639,
        6680.1628270914425,
        6192.746169424374,
        5705.3657607790965,
        5219.130250979833,
        4733.03221346918,
        4247.0669586945,
        3762.5954229420327,
        3279.7332683998934
    ]
}