{
    "x": [
        0,
        1,
        2,
        3,
        4,
        5,
        6,
        7,
        8,
        9
    ],
    "y": [
        22616.16208832317,
        22332.95889643045,
        22053.3510745921,
        21775.95605930577,
        21501.094057375693,
        21227.39904088237,
        20954.95526106479,
        20684.078751178295,
        20414.348734160896,
        20145.67367657795
    ]
}