{
    "x": [
        0,
        1,
        2,
        3,
        4,
        5,
        6,
        7,
        8,
        9,
        10,
        11,
        12,
        13,
        14,
        15,
        16,
        17,
        18,
        19
    ],
    "y": [
        39086.992730237645,
        38925.733100887606,
        38766.00219485844,
        38608.38049808795,
        38452.11344845906,
        38296.576137747245,
        38142.67775280344,
        37991.196157011706,
        37840.83729346607,
        37691.96413909008,
        37547.09088938312,
        37526.32064445807,
        37506.32890667508,
        37486.44118840166,
        37466.73676805458,
        37447.318919345074,
        37428.30390792004,
        37409.817851882566,
        37391.682450378124,
        37373.949886320224
    ]
}