{
    "x": [
        0,
        1,
        2,
        3,
        4,
        5,
        6,
        7,
        8,
        9
    ],
    "y": [
        7666.430208339547,
        7174.840070926277,
        6684.89783022156,
        6195.988745057211,
        5707.773877668628,
        5220.421163972484,
        4733.837247558937,
        4248.81170458527,
        3764.17612642457,
        3281.714846213022
    ]
}