{
    "x": [
        0,
        1,
        2,
        3,
        4,
        5,
        6,
        7,
        8,
        9,
        10
    ],
    "y": [
        39086.992730237645,
        38925.733100887606,
        38766.00219485844,
        38608.38049808795,
        38452.11344845906,
        38296.57613774723,
        38142.67775285543,
        37991.19615706369,
        37840.83729351807,
        37691.96413914206,
        37547.360960830745
    ]
}