{
    "x": [
        0,
        1,
        2,
        3,
        4,
        5,
        6,
        7,
        8,
        9,
        10,
        11,
        12,
        13,
        14,
        15,
        16,
        17,
        18,
        19,
        20
    ],
    "y": [
        56289.197228957106,
        56217.09565920695,
        56147.577651392916,
        56080.28547400306,
        56014.38889397727,
        55951.008501996424,
        55889.67251003163,
        55831.49908860969,
        55776.24453599619,
        55726.28814892979,
        55684.30126450774,
        55658.31427765787,
        55634.93303757651,
        55612.79737989049,
        55591.38511256169,
        55571.81942802442,
        55553.28449977805,
        55535.25348912036,
        55517.98884043556,
        55501.30143068895,
        55484.85819559923
    ]
}