{
    "x": [
        1,
        2,
        3,
        4,
        5,
        6,
        7,
        8,
        9,
        10,
        11,
        12,
        13,
        14,
        15,
        16,
        17,
        18,
        19,
        20
    ],
    "y": [
        22323.114256190045,
        22036.746992836765,
        21758.0579423401,
        21485.822240703645,
        21293.155719604685,
        21124.216321264776,
        20956.817888954472,
        20790.846587977314,
        20632.306936839243,
        20499.917903653513,
        20370.91116038392,
        20332.998049910122,
        20296.977524192713,
        20283.961683191133,
        20271.107602475517,
        20258.37629319839,
        20245.728021321283,
        20233.13487676872,
        20220.661086671487,
        20208.24008947611
    ]
}