{
    "x": [
        1,
        2,
        3,
        4,
        5,
        6,
        7,
        8,
        9,
        10,
        11,
        12,
        13,
        14,
        15,
        16,
        17,
        18,
        19,
        20
    ],
    "y": [
        56127.37600396331,
        56089.65067502145,
        56053.46029668404,
        56017.708793367085,
        55982.106749415565,
        55946.88095491894,
        55911.83858678554,
        55876.79708330019,
        55841.85853826836,
        55807.120087529016,
        55772.40118282196,
        55737.91541364452,
        55703.71638965821,
        55669.56309325898,
        55635.48130062088,
        55601.58276338133,
        55567.70132621309,
        55533.90179012313,
        55500.410350538514,
        55467.156377449275
    ]
}