{
    "x": [
        1,
        2,
        3,
        4,
        5,
        6
    ],
    "y": [
        7097.350673204386,
        6588.098902008107,
        6148.293001780866,
        5880.2516729028575,
        5794.954282454829,
        5730.761059851319
    ]
}