{
    "x": [
        0,
        1,
        2,
        3,
        4,
        5
    ],
    "y": [
        7658.055965193727,
        7125.963267017723,
        6603.386449492864,
        6114.359848328319,
        5907.450984070229,
        5845.400046457336
    ]
}