{
    "x": [
        0,
        1,
        2,
        3,
        4
    ],
    "y": [
        7666.430208339547,
        7123.875511685081,
        6610.890645873323,
        6113.72840776435,
        5832.936424590969
    ]
}