{
    "x": [
        0,
        1,
        2,
        3,
        4,
        5,
        6,
        7,
        8,
        9,
        10,
        11,
        12,
        13,
        14,
        15,
        16,
        17,
        18,
        19,
        20
    ],
    "y": [
        22616.16208832317,
        22332.95889643045,
        22053.3510745921,
        21775.95605930577,
        21501.094057375693,
        21227.39904088237,
        20954.955261064802,
        20684.078751184563,
        20414.348734167164,
        20145.673676584214,
        19879.506594862196,
        19866.081526032944,
        19852.889853439214,
        19839.87390826183,
        19827.042358149287,
        19814.250442385073,
        19801.602993355154,
        19789.032256165054,
        19776.512053863924,
        19764.02779493231,
        19751.595402764222
    ]
}