{
    "x": [
        1,
        2,
        3,
        4,
        5,
        6,
        7
    ],
    "y": [
        11705.636527434606,
        11298.42733635409,
        11057.938214740545,
        10833.683823854475,
        10748.84211862078,
        10707.329299730694,
        10667.260308748262
    ]
}