{
    "x": [
        1,
        2,
        3,
        4,
        5,
        6,
        7,
        8,
        9,
        10,
        11,
        12,
        13,
        14,
        15,
        16,
        17,
        18,
        19,
        20
    ],
    "y": [
        39033.07968722311,
        38999.01412843632,
        38966.64682626211,
        38934.90724095336,
        38903.6950560505,
        38872.80965271417,
        38842.12963388608,
        38811.63369472919,
        38781.36688706041,
        38751.46131817689,
        38721.772659698785,
        38692.17695006739,
        38662.70970720376,
        38633.553318350336,
        38604.44740107181,
        38575.60706774544,
        38547.00663484403,
        38518.588682389694,
        38490.47866971249,
        38462.512466739856
    ]
}