{
    "x": [
        1,
        2,
        3,
        4,
        5,
        6,
        7,
        8,
        9,
        10,
        11,
        12,
        13,
        14,
        15,
        16,
        17,
        18,
        19,
        20
    ],
    "y": [
        56198.1819286943,
        56160.832878047804,
        56124.24208111456,
        56088.04516863823,
        56052.22655996007,
        56016.74464641454,
        55981.40797676082,
        55946.39786208752,
        55911.516659367495,
        55876.74312521697,
        55842.09941067684,
        55807.524551568866,
        55773.16105960873,
        55738.91128321774,
        55704.74104691567,
        55670.75981323047,
        55636.814882464736,
        55602.891575467846,
        55568.989667259506,
        55535.11123831111
    ]
}