{
    "x": [
        0,
        1,
        2,
        3,
        4,
        5,
        6,
        7,
        8,
        9,
        10,
        11,
        12,
        13,
        14,
        15,
        16,
        17,
        18,
        19,
        20
    ],
    "y": [
        39101.366334077014,
        39068.99508778355,
        39037.16361340555,
        39005.62479227458,
        38974.38380577929,
        38943.695485258315,
        38913.1558340503,
        38883.15679504863,
        38853.42100178819,
        38823.85166140731,
        38794.4214876327,
        38765.03350166126,
        38735.97318550079,
        38706.94855051741,
        38678.01555735792,
        38649.08304941925,
        38620.23598695947,
        38591.52387367635,
        38562.8914270603,
        38534.34492851409,
        38506.10650075379
    ]
}