{
    "x": [
        1,
        2,
        3,
        4,
        5,
        6,
        7,
        8,
        9,
        10,
        11,
        12,
        13,
        14,
        15,
        16,
        17,
        18,
        19,
        20
    ],
    "y": [
        38982.81058046026,
        38947.6883166706,
        38914.668611513756,
        38882.60080539308,
        38850.570541021334,
        38818.59149264724,
        38787.7198124237,
        38756.947494208565,
        38726.68172116782,
        38697.00445651372,
        38667.604574380486,
        38638.20598575697,
        38608.926579382685,
        38579.711022531774,
        38551.242907857246,
        38522.82201353325,
        38494.510253389584,
        38466.45564377785,
        38438.624664645955,
        38410.859595893264
    ]
}