{
    "x": [
        0,
        1,
        2,
        3,
        4,
        5,
        6,
        7,
        8,
        9,
        10,
        11,
        12,
        13,
        14,
        15,
        16,
        17,
        18,
        19,
        20
    ],
    "y": [
        56308.89380727778,
        56270.02591184729,
        56232.68990678757,
        56195.62980583169,
        56159.40401036175,
        56123.60129125449,
        56088.82401324814,
        56054.456657583694,
        56020.17536867104,
        55986.21596191218,
        55952.31940967107,
        55918.66992527875,
        55885.071359674956,
        55851.522770678304,
        55817.98852437101,
        55784.485545237345,
        55751.035307398975,
        55717.69428712644,
        55684.36535772174,
        55651.06716821992,
        55617.772535634824
    ]
}