{
    "x": [
        0,
        1,
        2,
        3,
        4,
        5,
        6,
        7,
        8,
        9,
        10,
        11,
        12,
        13,
        14,
        15,
        16,
        17,
        18,
        19,
        20
    ],
    "y": [
        39086.992730237645,
        39052.33387866571,
        39019.53419550672,
        38987.41904365855,
        38955.64578530518,
        38924.34147561698,
        38893.508198991025,
        38862.75759959475,
        38832.35963026751,
        38802.30362987206,
        38772.444761779705,
        38742.749399578184,
        38713.209411789874,
        38683.84278556011,
        38654.580051937795,
        38625.40534942589,
        38596.35007814049,
        38567.481946397325,
        38538.85517159048,
        38510.38262792587,
        38482.015264876696
    ]
}