{
    "x": [
        0,
        1,
        2,
        3,
        4,
        5,
        6,
        7,
        8,
        9,
        10,
        11,
        12,
        13,
        14,
        15,
        16,
        17,
        18,
        19,
        20
    ],
    "y": [
        56289.197228957106,
        56251.711995070495,
        56215.15946334482,
        56179.09293425388,
        56143.408655023915,
        56108.02072122239,
        56072.83686031298,
        56037.82762572862,
        56002.90670062335,
        55968.18721400025,
        55933.54108130821,
        55898.973807098926,
        55864.51683673698,
        55830.15055815249,
        55795.96758046133,
        55761.85973992109,
        55727.793736263484,
        55693.82856545908,
        55659.960319281745,
        55626.21562575557,
        55592.50888112676
    ]
}