{
    "x": [
        0,
        1,
        2,
        3,
        4,
        5,
        6,
        7,
        8,
        9,
        10,
        11,
        12,
        13,
        14,
        15,
        16,
        17,
        18,
        19,
        20
    ],
    "y": [
        22594.650332052177,
        22314.321682509668,
        22036.4582438801,
        21758.973013193434,
        21484.797629810815,
        21212.45105651173,
        20940.715962155144,
        20669.441322426286,
        20400.816589867452,
        20133.80213140578,
        19868.765445611436,
        19854.863710743935,
        19841.359780130584,
        19828.28899739148,
        19815.536320444397,
        19802.901307989865,
        19790.339540030214,
        19777.87563820685,
        19765.433140864337,
        19753.025189846772,
        19740.646076502228
    ]
}