{
    "x": [
        1,
        2,
        3,
        4,
        5,
        6,
        7
    ],
    "y": [
        11702.579935484497,
        11286.031249993248,
        10953.995320851587,
        10732.373677067024,
        10675.546763099575,
        10632.842765997817,
        10606.823468683848
    ]
}