{
    "x": [
        0,
        1,
        2,
        3
    ],
    "y": [
        12155.359491240371,
        11713.718256469729,
        11291.71068314713,
        10912.33647384718
    ]
}