{
    "x": [
        1,
        2,
        3,
        4,
        5
    ],
    "y": [
        7098.083629292857,
        6584.433795971386,
        6080.520444202573,
        5816.125101742987,
        5557.874855538766
    ]
}