{
    "x": [
        0,
        1,
        2,
        3,
        4,
        5,
        6
    ],
    "y": [
        12162.144438385014,
        11728.444819421124,
        11320.337714708856,
        10927.015472024512,
        10692.507436062851,
        10466.90951432462,
        10425.222345823193
    ]
}