{
    "x": [
        1,
        2,
        4,
        8,
        16
    ],
    "y": [
        0.5118354558944705,
        0.43638598918914795,
        0.4037526845932005,
        0.8541812896728516,
        1.5434311628341701
    ]
}