{
    "x": [
        1,
        2,
        4,
        8,
        16
    ],
    "y": [
        0.18317179679870618,
        0.17813186645507822,
        0.7731079578399653,
        0.5274608612060546,
        1.208236455917358
    ]
}