{
    "x": [
        1,
        2,
        4,
        8,
        16
    ],
    "y": [
        0.18702855110168462,
        0.17775549093882242,
        0.437338582674662,
        0.5482768456141154,
        1.2037489811579398
    ]
}