{
    "x": [
        1,
        2,
        4,
        8,
        16
    ],
    "y": [
        0.182885408401489,
        0.176450967788696,
        1.03242349624634,
        0.762196063995361,
        1.20745348930359
    ]
}