{
    "x": [
        1,
        2,
        4,
        8,
        16
    ],
    "y": [
        0.370122909545898,
        0.182303190231323,
        0.439537763595581,
        0.427594184875488,
        1.23855257034302
    ]
}