{
    "x": [
        1,
        2,
        4,
        8,
        16
    ],
    "y": [
        13.220545,
        0.6667955000000001,
        0.05175507,
        0.00981154,
        0.006001895
    ]
}