{
    "x": [
        1,
        2,
        4,
        8,
        16
    ],
    "y": [
        5.0866880000000005,
        1.504566,
        1.3902559999999997,
        1.3638100000000002,
        1.356262
    ]
}