{
    "x": [
        1,
        2,
        4,
        8,
        16
    ],
    "y": [
        7.281923600000001,
        0.3563106,
        0.038531188,
        0.008499054,
        0.004747618
    ]
}