{
    "x": [
        1,
        2,
        4,
        8,
        16
    ],
    "y": [
        8.383600000000001,
        2.50755,
        2.306165,
        2.0349950000000003,
        2.113715
    ]
}