{
    "x": [
        1,
        2,
        4,
        8,
        16
    ],
    "y": [
        0.23989080000000002,
        0.1207036,
        0.0375403,
        0.007276914,
        0.005059262
    ]
}