{
    "x": [
        1,
        2,
        4,
        8,
        16
    ],
    "y": [
        5.494173,
        0.332458,
        0.060774909999999994,
        0.00952525,
        0.00429786
    ]
}