{
    "x": [
        1,
        2,
        4,
        8,
        16
    ],
    "y": [
        4.9868,
        1.64432,
        1.41811,
        1.36647,
        1.44979
    ]
}