{
    "x": [
        1,
        2,
        4,
        8,
        16
    ],
    "y": [
        4.82474,
        1.51835,
        1.36766,
        1.40572,
        1.35532
    ]
}