{
    "x": [
        1,
        2,
        4,
        8,
        16
    ],
    "y": [
        4.08811,
        1.50025,
        1.34013,
        1.35539,
        1.37156
    ]
}