{
    "x": [
        1,
        2,
        4,
        8,
        16
    ],
    "y": [
        6.770569,
        0.288866,
        0.05052243,
        0.00729966,
        0.00248303
    ]
}