{
    "x": [
        1,
        2,
        4,
        8,
        16
    ],
    "y": [
        12.341856666666667,
        12.927519999999998,
        13.82789333333333,
        13.598333333333333,
        13.06082
    ]
}