{
    "x": [
        1,
        2,
        4,
        8,
        16
    ],
    "y": [
        7.944805,
        9.137129999999999,
        9.010729999999999,
        8.332715,
        7.75098
    ]
}