{
    "x": [
        1,
        2,
        4,
        8,
        16
    ],
    "y": [
        4.74347,
        4.69655,
        5.22355,
        5.25761,
        5.06019
    ]
}