{
    "x": [
        1,
        2,
        4,
        8,
        16
    ],
    "y": [
        4.74874,
        5.07419,
        5.97759,
        5.64171,
        5.01536
    ]
}