{
    "x": [
        1,
        2,
        4,
        8,
        16
    ],
    "y": [
        4.74101,
        5.134691999999999,
        5.76483,
        5.368717999999999,
        5.115386
    ]
}