{
    "x": [
        1,
        2,
        4,
        8,
        16
    ],
    "y": [
        0.03333333333333333,
        0.03333333333333333,
        2.433333333333333,
        3.4,
        10.0
    ]
}