{
    "x": [
        1,
        2,
        4,
        8,
        16
    ],
    "y": [
        7.6,
        7.133333333333334,
        2.5,
        1.4333333333333333,
        1.1
    ]
}