{
    "x": [
        1,
        2,
        4,
        8,
        16
    ],
    "y": [
        0.0037789272675392708,
        0.005711572029982544,
        0.006485901120413178,
        0.005990155906456126,
        0.006667709427300963
    ]
}