{
    "x": [
        1,
        2,
        4,
        8,
        16
    ],
    "y": [
        0.003910702992232423,
        0.006958367043431139,
        0.006517466788404673,
        0.006489193859313872,
        0.0037556649156265214
    ]
}