{
    "x": [
        1,
        2,
        4,
        8,
        16
    ],
    "y": [
        0.4174965627685977,
        0.9992328591976986,
        1.0,
        1.0,
        1.0
    ]
}