{
    "x": [
        1,
        2,
        4,
        8,
        16
    ],
    "y": [
        0.01888096015206165,
        0.026208383848597784,
        0.30938815394412306,
        0.32037172135439573,
        0.3308763087467845
    ]
}