{
    "x": [
        1,
        2,
        4,
        8,
        16
    ],
    "y": [
        0.02303396928804095,
        0.02959989966135708,
        0.2549300384583913,
        0.30841954165222984,
        0.36763230869077823
    ]
}