{
    "x": [
        1,
        2,
        4,
        8,
        16
    ],
    "y": [
        0.019311571921025453,
        0.026700410061025293,
        1.0,
        0.361027837493947,
        0.37347675632261923
    ]
}