{
    "x": [
        1,
        2,
        4,
        8,
        16
    ],
    "y": [
        0.016402910939124406,
        0.027088320524127504,
        1.0,
        0.3385993485342019,
        0.3640980735551664
    ]
}