{
    "x": [
        1,
        2,
        3,
        4,
        5,
        6,
        7
    ],
    "y": [
        55662.62999491923,
        55653.08766344483,
        55647.45727087812,
        55644.64961158199,
        55642.97462543459,
        55641.86924437119,
        55641.42836836136
    ]
}