{
    "x": [
        1,
        2
    ],
    "y": [
        20376.857812251437,
        20373.528758297594
    ]
}