{
    "x": [
        1,
        2,
        3,
        4,
        5,
        6,
        7,
        8,
        9,
        10
    ],
    "y": [
        3649.1281726337374,
        3549.5069108443045,
        3450.2065290876685,
        3351.173825084432,
        3252.4527863323246,
        3153.990415286647,
        3055.8134950432373,
        2957.924871961812,
        2860.4526096762047,
        2782.847482172713
    ]
}