{
    "x": [
        1,
        2,
        3
    ],
    "y": [
        8892.391104785562,
        8811.671410708272,
        8748.889956257308
    ]
}