{
    "x": [
        1,
        2,
        3,
        4
    ],
    "y": [
        12231.33457210545,
        12230.902555460336,
        12230.55773946772,
        12230.302657623106
    ]
}