{
    "x": [
        1,
        2,
        4,
        8,
        16
    ],
    "y": [
        11.4673675,
        11.89484848,
        12.28788286,
        12.47012759,
        11.863968203999999
    ]
}