{
    "x": [
        1,
        2,
        3,
        4
    ],
    "y": [
        8907.379055314406,
        8826.679341140145,
        8747.1933199032,
        8715.781754647196
    ]
}