{
    "x": [
        1,
        2,
        4,
        8,
        16
    ],
    "y": [
        0.001929233747317487,
        0.0043846691196655525,
        0.05723227424313258,
        0.04039858768776596,
        0.04513203381028923
    ]
}