{
    "x": [
        1,
        2,
        3,
        4,
        5,
        6,
        7
    ],
    "y": [
        37772.02688249956,
        37764.989291284684,
        37761.32612215918,
        37759.1184914266,
        37758.088485448374,
        37757.3952302905,
        37757.094576882504
    ]
}