{
    "x": [
        1,
        2,
        4,
        8,
        16
    ],
    "y": [
        0.2098982334136962,
        0.20375299453735338,
        0.7652873992919924,
        0.65146803855896,
        1.1769720554351821
    ]
}