{
    "x": [
        1,
        2,
        4,
        8,
        16
    ],
    "y": [
        0.2100968837738038,
        0.20624132156372058,
        0.5577565670013437,
        0.5801694869995115,
        1.1751043796539278
    ]
}