{
    "x": [
        1,
        2,
        4,
        8,
        16
    ],
    "y": [
        0.0,
        0.0,
        0.00015267175572519084,
        0.2989386917256099,
        0.980577849117175
    ]
}