{
    "x": [
        1,
        2,
        3,
        4,
        5,
        6,
        7,
        8,
        9,
        10,
        11,
        12,
        13,
        14,
        15,
        16,
        17,
        18,
        19
    ],
    "y": [
        52499.80231178711,
        50931.90807926606,
        49404.66192333941,
        47982.41399451359,
        46607.82565240941,
        45280.52733313072,
        43988.97449177162,
        42708.56457834419,
        41488.04965036146,
        40612.65712131287,
        39830.76976995073,
        39216.854227298485,
        39147.409150935295,
        39134.71871896966,
        39124.11737879976,
        39115.13599366193,
        39107.15146476583,
        39104.639346343014,
        39102.49340803038
    ]
}