{
    "x": [
        1,
        2,
        3,
        4,
        5,
        6,
        7,
        8,
        9,
        10,
        11,
        12,
        13,
        14,
        15,
        16,
        17,
        18,
        19,
        20
    ],
    "y": [
        52499.80231181622,
        50931.90807927427,
        49404.66192336674,
        47982.4139945789,
        46607.825652453546,
        45280.527333153215,
        43988.97449179412,
        42708.564578366684,
        41488.04965036155,
        40612.65712127943,
        39830.769769906976,
        39216.85422722274,
        39147.409698759926,
        39113.0680600031,
        39094.984887888095,
        39076.90171577309,
        39068.9176308837,
        39066.40551240391,
        39064.25980650934,
        39062.89016604368
    ]
}