{
    "x": [
        1,
        2,
        3,
        4,
        5,
        6,
        7,
        8,
        9,
        10,
        11,
        12,
        13,
        14,
        15,
        16,
        17,
        18,
        19,
        20,
        21
    ],
    "y": [
        52499.80231178711,
        50931.90807924925,
        49404.66192334172,
        47982.41399457244,
        46607.82565244833,
        45280.52733316964,
        43988.97449181054,
        42708.564578383106,
        41488.04965037797,
        40611.555306575785,
        39829.66795521365,
        39215.752412529415,
        39146.3078840666,
        39128.224711951596,
        39116.012081919616,
        39105.410741749714,
        39096.42936835576,
        39088.51447985273,
        39086.00236141092,
        39083.85665549779,
        39082.48701503213
    ]
}