{
    "x": [
        1,
        2,
        3,
        4,
        5,
        6,
        7,
        8,
        9,
        10,
        11,
        12,
        13,
        14,
        15,
        16,
        17,
        18
    ],
    "y": [
        52499.80231178711,
        50931.90807923687,
        49404.66192329687,
        47982.4139944859,
        46607.825652360545,
        45280.52733308185,
        43988.97449172276,
        42708.56457828567,
        41488.04965028054,
        40612.65712119842,
        39830.769769825965,
        39216.85422715142,
        39147.409424741396,
        39129.32625262639,
        39121.34127966794,
        39118.82916120714,
        39116.68345529782,
        39115.314063832244
    ]
}