{
    "x": [
        1,
        2,
        3,
        4,
        5,
        6,
        7,
        8,
        9,
        10,
        11,
        12,
        13,
        14,
        15,
        16,
        17,
        18,
        19,
        20
    ],
    "y": [
        52499.80231178711,
        50931.90807923687,
        49404.66192331022,
        47982.4139944844,
        46607.82565236029,
        45280.527333080936,
        43988.97449172184,
        42708.564578309204,
        41488.04965032648,
        40563.09668914886,
        39949.18114649661,
        39385.36287560629,
        38944.26058984188,
        38897.01511550847,
        38862.67346160676,
        38837.39493871689,
        38819.31176660189,
        38811.327237684316,
        38808.81511924251,
        38806.66918094844
    ]
}