{
    "x": [
        0,
        1,
        2,
        3,
        4,
        5,
        6,
        7,
        8,
        9,
        10,
        11,
        12,
        13,
        14,
        15,
        16,
        17,
        18
    ],
    "y": [
        54715.10825276863,
        52499.80231178711,
        50931.90807923687,
        49404.66192331022,
        47982.4139944844,
        46607.82565236029,
        45280.527333080936,
        43988.97449172184,
        42708.564578309204,
        41488.04965032648,
        40612.65712127789,
        39998.74157862564,
        39929.29650225858,
        39911.213330143575,
        39897.9197146718,
        39889.93518575423,
        39887.42306731242,
        39885.27712901835,
        39883.90723955261
    ]
}