{
    "x": [
        1,
        2,
        3,
        4,
        5,
        6,
        7,
        8,
        9,
        10
    ],
    "y": [
        19938.597338193802,
        18057.474522144006,
        16181.266773228195,
        14310.302481367407,
        12443.352168200367,
        10582.10237341798,
        8731.290123065995,
        6886.373742288798,
        5053.288134023191,
        3231.887442538823
    ]
}