{
    "x": [
        1,
        2,
        3,
        4,
        5,
        6,
        7,
        8,
        9,
        10,
        11,
        12,
        13,
        14,
        15,
        16,
        17,
        18,
        19,
        20
    ],
    "y": [
        42947.81946431743,
        42345.03075936223,
        41746.72137928389,
        41153.51587670129,
        40564.14226593914,
        39978.3944705933,
        39395.48894524112,
        38815.05947765776,
        38241.23728639475,
        37673.42315324986,
        37650.2361841716,
        37627.640591384465,
        37605.3561370666,
        37583.18359698375,
        37561.21092025593,
        37539.32535387596,
        37517.49245448966,
        37495.738892935726,
        37474.094160658075,
        37452.462026361834
    ]
}