{
    "x": [
        1,
        2,
        3,
        4,
        5,
        6,
        7,
        8,
        9,
        10,
        11,
        12,
        13,
        14,
        15,
        16,
        17,
        18,
        19,
        20
    ],
    "y": [
        58242.36669901195,
        58196.42511969296,
        58150.83951599809,
        58105.61099185173,
        58061.144400373494,
        58017.122326694735,
        57973.36714941601,
        57929.84226652123,
        57886.80005261733,
        57844.02352765686,
        57801.53700612897,
        57759.18578791546,
        57716.99064362008,
        57675.00223793421,
        57633.16667193254,
        57591.50169807368,
        57550.228702920314,
        57509.1130848172,
        57468.04405082485,
        57427.19155466622
    ]
}