{
    "x": [
        1,
        2,
        4,
        8,
        16
    ],
    "y": [
        2.1052456,
        2.2862898,
        2.2829042999999993,
        2.19378606,
        2.1211326999999995
    ]
}