{
    "x": [
        1,
        2,
        3,
        4,
        5,
        6,
        7,
        8,
        9,
        10,
        11,
        12,
        13,
        14,
        15,
        16,
        17,
        18,
        19,
        20
    ],
    "y": [
        29487.33881743144,
        28423.304516513927,
        27366.87461225273,
        26315.34429724166,
        25266.86127239323,
        24223.77258064864,
        23184.355667504286,
        22149.884011797192,
        21124.327515643716,
        20105.947431313973,
        20093.880819448685,
        20082.193830090164,
        20070.68417777174,
        20059.3031760777,
        20048.016468910606,
        20036.838850862656,
        20025.731351232473,
        20014.64833247427,
        20003.621809246873,
        19992.66789220965
    ]
}