{
    "x": [
        1,
        2,
        3,
        4,
        5,
        6,
        7,
        8,
        9,
        10,
        11,
        12,
        13,
        14,
        15,
        16,
        17,
        18,
        19,
        20
    ],
    "y": [
        58242.36669901195,
        58196.42511969296,
        58150.83951599809,
        58105.61099185173,
        58061.144400373494,
        58017.122326694735,
        57973.36714941601,
        57929.84226652123,
        57886.80005261733,
        57844.02352765686,
        57801.53700612897,
        57759.18566261259,
        57716.990518317194,
        57675.00211263132,
        57633.16654662965,
        57591.50139961343,
        57550.2284709357,
        57509.11285283259,
        57468.04381884023,
        57427.19132268161
    ]
}