{
    "x": [
        1,
        2,
        3,
        4,
        5,
        6,
        7,
        8,
        9,
        10,
        11,
        12,
        13,
        14,
        15,
        16,
        17,
        18,
        19,
        20
    ],
    "y": [
        42947.81946431743,
        42345.03075936223,
        41746.72137928389,
        41153.51587670129,
        40564.14226593914,
        39978.3944705933,
        39395.48894524112,
        38815.05947765776,
        38241.23728639475,
        37673.42315324986,
        37650.2361841716,
        37627.64049375021,
        37605.35603943235,
        37583.18349934949,
        37561.210822621666,
        37539.325256241704,
        37517.49235685541,
        37495.73879530147,
        37474.09406302382,
        37452.461928727585
    ]
}