{
    "x": [
        1,
        2,
        3,
        4,
        5,
        6,
        7,
        8,
        9,
        10
    ],
    "y": [
        22098.147308369666,
        20568.628591399283,
        19045.337356401367,
        17529.572751332696,
        16018.945617586596,
        14513.35715062016,
        13012.668990905746,
        11520.515756936582,
        10037.025145354744,
        8564.62913677026
    ]
}