{
    "x": [
        1,
        2,
        4,
        8,
        16
    ],
    "y": [
        2.0979264,
        2.2673022,
        2.27545864,
        2.21036086,
        2.13911922
    ]
}