{
    "x": [
        1,
        2,
        3,
        4,
        5,
        6
    ],
    "y": [
        39225.30326155257,
        39018.73840216537,
        38858.16257020858,
        38729.01180061187,
        38659.29906018728,
        38609.082455890995
    ]
}