{
    "x": [
        1,
        2,
        3,
        4,
        5,
        6,
        7,
        8,
        9,
        10,
        11,
        12
    ],
    "y": [
        37295.774582937345,
        36389.63829034935,
        35574.237309114455,
        34861.657756846995,
        34202.40403002806,
        33663.97247196327,
        33512.96469911185,
        33452.019305274516,
        33424.483118486445,
        33422.49637397268,
        33422.02926510892,
        33421.85138454563
    ]
}