{
    "x": [
        0,
        1,
        2
    ],
    "y": [
        20386.058000234516,
        20383.26218845261,
        20382.601928082942
    ]
}