{
    "x": [
        0,
        1,
        2,
        3,
        4,
        5,
        6
    ],
    "y": [
        20386.058000234516,
        20383.26218845261,
        20382.601928082942,
        20382.07523090115,
        20381.64474797207,
        20381.286633701457,
        20381.015503492516
    ]
}