{
    "x": [
        0,
        1
    ],
    "y": [
        20375.305572036275,
        20370.07855257147
    ]
}