{
    "x": [
        0,
        1,
        2,
        3,
        4,
        5,
        6,
        7,
        8,
        9
    ],
    "y": [
        3749.0529723025247,
        3648.8369046597336,
        3549.2357063098398,
        3450.2373952735034,
        3351.3793304689134,
        3253.190768373199,
        3155.3484249562,
        3057.7210277186527,
        2960.4803660571793,
        2863.590930795347
    ]
}