{
    "x": [
        0,
        1,
        2,
        3,
        4
    ],
    "y": [
        8967.17275185728,
        8885.32859270968,
        8804.506361139587,
        8724.069359635703,
        8684.629644251621
    ]
}