{
    "x": [
        0,
        1
    ],
    "y": [
        55580.96947223075,
        55579.05380179799
    ]
}