{
    "x": [
        0,
        1
    ],
    "y": [
        8982.350095481435,
        8901.372713675772
    ]
}