{
    "x": [
        1,
        2,
        3
    ],
    "y": [
        8892.949757546414,
        8812.932250323984,
        8739.166638302686
    ]
}