{
    "x": [
        1,
        2
    ],
    "y": [
        13594.484429374705,
        13594.18652202105
    ]
}