{
    "x": [
        0,
        1,
        2,
        3,
        4,
        5
    ],
    "y": [
        8995.145201248912,
        8911.409225481653,
        8830.242025092133,
        8751.075661781755,
        8673.80670767382,
        8642.860338451055
    ]
}