{
    "x": [
        0,
        1,
        2
    ],
    "y": [
        8971.446127321611,
        8889.63049290059,
        8809.148077443819
    ]
}