{
    "x": [
        1,
        2,
        3,
        4,
        5,
        6,
        7,
        8,
        9,
        10
    ],
    "y": [
        3647.7771860373837,
        3548.1906767656037,
        3449.074755924323,
        3350.2420303045333,
        3251.6888518137202,
        3153.4111783274843,
        3055.430109566375,
        2957.8352340485976,
        2860.7146503817976,
        2764.4016110247353
    ]
}