{
    "x": [
        0,
        1,
        2,
        3,
        4
    ],
    "y": [
        8971.446127321611,
        8889.63049290059,
        8809.148077443819,
        8730.711128233539,
        8714.915666442339
    ]
}