{
    "x": [
        0,
        1,
        2,
        3,
        4,
        5,
        6,
        7
    ],
    "y": [
        20446.750591496966,
        20445.921590905662,
        20445.229831626995,
        20444.543047874,
        20443.95282333691,
        20443.3665213401,
        20442.87624785153,
        20442.444916580404
    ]
}