{
    "x": [
        0,
        1
    ],
    "y": [
        20379.480940659454,
        20378.463479696053
    ]
}