{
    "x": [
        0,
        1,
        2,
        3,
        4,
        5,
        6,
        7,
        8,
        9,
        10,
        11,
        12,
        13,
        14,
        15,
        16,
        17,
        18,
        19,
        20
    ],
    "y": [
        20386.058000234516,
        20328.03777375699,
        20270.685071858297,
        20213.95156215184,
        20157.573924498145,
        20101.60044343427,
        20046.234721983823,
        19991.643448197487,
        19937.591628984093,
        19884.240284679523,
        19832.79319377287,
        19830.61789790797,
        19828.628389371315,
        19826.763779011562,
        19824.969884665657,
        19823.209026065215,
        19821.511074596023,
        19819.8402181223,
        19818.2153914781,
        19816.612058773546,
        19815.028846999656
    ]
}