{
    "x": [
        0,
        1,
        2,
        3,
        4,
        5,
        6,
        7,
        8,
        9,
        10,
        11,
        12,
        13,
        14,
        15,
        16,
        17,
        18,
        19,
        20
    ],
    "y": [
        20375.305572036275,
        20317.827507804584,
        20260.554974002396,
        20204.110226751156,
        20148.050429832547,
        20092.23191059447,
        20037.170287697318,
        19982.36566396497,
        19928.405159645146,
        19874.99838008308,
        19823.447132936442,
        19821.332960437983,
        19819.509794748534,
        19817.727925946114,
        19815.95561825068,
        19814.211027091158,
        19812.50068076363,
        19810.80236682536,
        19809.131362290384,
        19807.499582918033,
        19805.88832461635
    ]
}