{
    "x": [
        0,
        1,
        2,
        3,
        4,
        5,
        6,
        7,
        8,
        9,
        10,
        11,
        12,
        13,
        14,
        15,
        16,
        17,
        18,
        19,
        20
    ],
    "y": [
        55580.96947223075,
        55566.79140169639,
        55553.14145267813,
        55540.19361289806,
        55528.104074639334,
        55517.8967372559,
        55509.27338439005,
        55501.40353337337,
        55493.76491406419,
        55486.37104390198,
        55479.13709104493,
        55472.092455854596,
        55465.18802125125,
        55458.30574009134,
        55451.45898132302,
        55444.69046120282,
        55437.99924076823,
        55431.42195244065,
        55424.90594685228,
        55418.463288607585,
        55412.06334581758
    ]
}