{
    "x": [
        0,
        1,
        2,
        3,
        4,
        5,
        6,
        7,
        8,
        9,
        10,
        11,
        12,
        13,
        14,
        15,
        16,
        17,
        18,
        19,
        20
    ],
    "y": [
        37820.58962623246,
        37785.989016247506,
        37752.606809805,
        37720.08883573364,
        37687.67667304877,
        37655.47448260694,
        37624.187074937145,
        37593.278990260056,
        37562.61102848587,
        37532.31703480292,
        37502.97826459863,
        37496.10318599657,
        37489.35934691939,
        37482.80650051607,
        37476.44323041812,
        37470.09082855958,
        37463.82734435569,
        37457.68659229015,
        37451.60437904373,
        37445.55456035229,
        37439.55808936556
    ]
}