{
    "x": [
        0,
        1,
        2,
        3,
        4,
        5,
        6,
        7,
        8,
        9,
        10,
        11,
        12,
        13,
        14,
        15,
        16,
        17,
        18,
        19,
        20
    ],
    "y": [
        55786.977349245695,
        55770.596352810746,
        55755.074184017394,
        55745.65398457806,
        55737.54981714687,
        55729.627390658934,
        55722.01059536247,
        55714.42645408939,
        55707.11826061218,
        55699.83874318398,
        55692.62584237936,
        55685.57608700907,
        55678.55244176512,
        55671.53623246198,
        55664.77879557466,
        55658.18753770691,
        55651.61955925943,
        55645.13756688952,
        55638.677170906514,
        55632.22747946681,
        55625.84607479637
    ]
}