{
    "x": [
        0,
        1,
        2,
        3,
        4,
        5,
        6,
        7,
        8,
        9,
        10,
        11,
        12,
        13,
        14,
        15,
        16,
        17,
        18,
        19,
        20
    ],
    "y": [
        55580.96947223075,
        55563.72251384119,
        55549.04821398669,
        55534.70958144222,
        55520.49669399302,
        55507.03787503004,
        55494.02383959353,
        55481.217642692936,
        55468.67710038414,
        55456.98250384901,
        55445.69040974351,
        55435.8434715414,
        55426.19750012604,
        55416.707884363386,
        55407.291345429636,
        55397.896069495546,
        55388.675201092105,
        55379.48537449813,
        55370.332073575126,
        55361.21915362394,
        55352.22191975327
    ]
}