{
    "x": [
        0,
        1,
        2,
        3,
        4,
        5,
        6,
        7,
        8,
        9,
        10,
        11,
        12,
        13,
        14,
        15,
        16,
        17,
        18,
        19,
        20
    ],
    "y": [
        55582.79996128824,
        55563.46775797247,
        55548.724098351886,
        55534.15132468574,
        55519.63568524139,
        55505.719579250086,
        55492.56677378982,
        55479.698729143834,
        55467.00151427355,
        55454.915746101484,
        55443.07379949126,
        55432.941166188386,
        55423.038210729435,
        55413.39625931677,
        55403.813916256455,
        55394.23019030127,
        55384.86919764727,
        55375.5463790749,
        55366.266508463945,
        55357.00299383067,
        55347.80658002976
    ]
}