{
    "x": [
        0,
        1,
        2,
        3,
        4,
        5,
        6,
        7,
        8,
        9,
        10
    ],
    "y": [
        8982.350095481435,
        8900.543934262054,
        8819.56655245639,
        8738.873799739116,
        8658.389377153773,
        8578.760943863503,
        8499.134118851627,
        8419.700555559924,
        8340.37003197937,
        8261.392723023371,
        8184.251428303321
    ]
}