{
    "x": [
        0,
        1,
        2,
        3,
        4,
        5,
        6,
        7,
        8,
        9,
        10
    ],
    "y": [
        3752.0641411739616,
        3651.253340399792,
        3551.467923182394,
        3452.2016262296297,
        3353.2027089667263,
        3254.81747671716,
        3156.8565552028513,
        3059.332497174975,
        2962.045057039952,
        2865.0177046997846,
        2768.687700400655
    ]
}