{
    "x": [
        0,
        1,
        2,
        3,
        4,
        5,
        6,
        7,
        8,
        9,
        10,
        11,
        12,
        13,
        14,
        15,
        16,
        17,
        18,
        19
    ],
    "y": [
        37844.203429452515,
        37809.092662638264,
        37775.6414844696,
        37743.025793007415,
        37710.70191662806,
        37678.87341841691,
        37647.647711033875,
        37616.779000543116,
        37586.33400384242,
        37556.67024358337,
        37527.76045324809,
        37523.05631707811,
        37518.61661420141,
        37514.31061894249,
        37510.11327712401,
        37505.975414427354,
        37501.893819335884,
        37497.91491962075,
        37493.98213732246,
        37490.149399590446
    ]
}