{
    "x": [
        0,
        1,
        2,
        3,
        4,
        5,
        6,
        7,
        8,
        9,
        10,
        11,
        12,
        13,
        14,
        15,
        16,
        17,
        18,
        19,
        20
    ],
    "y": [
        55660.898443929014,
        55645.67161094545,
        55631.541738123575,
        55618.63818264522,
        55606.51857956796,
        55596.23549601965,
        55587.50712254482,
        55579.629168416745,
        55571.90647854805,
        55564.41047110073,
        55557.12205824799,
        55549.9484555588,
        55542.89315597818,
        55535.87816920692,
        55528.92003977489,
        55522.076182905716,
        55515.32193808413,
        55508.65022901158,
        55502.0116363646,
        55495.41733217078,
        55488.85260134345
    ]
}