{
    "x": [
        0,
        1,
        2,
        3,
        4,
        5,
        6,
        7,
        8,
        9,
        10,
        11
    ],
    "y": [
        8967.17275185728,
        8885.32859270968,
        8804.364046595392,
        8723.680743382209,
        8643.433314790565,
        8564.062142572791,
        8484.809014682774,
        8405.939818490875,
        8327.336047879182,
        8249.007773239831,
        8171.632952828619,
        8171.351758750832
    ]
}