{
    "x": [
        0,
        1,
        2,
        3,
        4,
        5,
        6,
        7,
        8,
        9,
        10,
        11,
        12,
        13,
        14,
        15,
        16,
        17,
        18,
        19,
        20
    ],
    "y": [
        20446.750591496966,
        20386.561696622146,
        20327.42852027795,
        20268.99237432649,
        20211.092192269196,
        20154.197393407714,
        20097.967864675287,
        20043.10985628744,
        19988.52851454954,
        19936.242582027287,
        19886.566174094816,
        19884.03869904515,
        19882.266601685173,
        19880.53531211407,
        19878.85061638593,
        19877.191844400717,
        19875.541632170818,
        19873.91726391987,
        19872.362857317457,
        19870.81292661417,
        19869.2785350296
    ]
}