{
    "x": [
        0,
        1,
        2,
        3,
        4,
        5,
        6,
        7,
        8,
        9
    ],
    "y": [
        8995.145201248912,
        8911.409225481677,
        8830.242025092157,
        8749.47051049734,
        8668.809471167655,
        8588.387420583394,
        8508.30919887017,
        8428.613721701797,
        8349.447358391419,
        8271.58521352656
    ]
}