{
    "x": [
        0,
        1,
        2,
        3,
        4,
        5,
        6,
        7,
        8,
        9,
        10,
        11,
        12,
        13,
        14,
        15,
        16,
        17,
        18,
        19,
        20
    ],
    "y": [
        37820.58962623246,
        37785.989016247506,
        37752.606809805,
        37720.08883573364,
        37687.67667304877,
        37655.47448260694,
        37624.187074937145,
        37593.278990260056,
        37562.61102848587,
        37532.31703480292,
        37502.97826459863,
        37498.485966381966,
        37494.13787502597,
        37489.83222211037,
        37485.75369633285,
        37481.74519140102,
        37477.78200321743,
        37473.85938841332,
        37469.98241841077,
        37466.15706996241,
        37462.39128363266
    ]
}