{
    "x": [
        0,
        1,
        2,
        3,
        4,
        5,
        6,
        7,
        8,
        9,
        10,
        11,
        12,
        13,
        14,
        15,
        16,
        17,
        18,
        19,
        20
    ],
    "y": [
        37735.98899738327,
        37701.23410403878,
        37666.778254395205,
        37632.895903014156,
        37599.151821625914,
        37565.42696677199,
        37531.87955541814,
        37499.87015951657,
        37468.253800164115,
        37436.80071242754,
        37408.54242642724,
        37403.458714931614,
        37399.13055647512,
        37395.00887418661,
        37390.91490467617,
        37386.87103358929,
        37382.93942653486,
        37379.03717002413,
        37375.16418979187,
        37371.382779773805,
        37367.62379469631
    ]
}