{
    "x": [
        0,
        1,
        2,
        3,
        4,
        5,
        6,
        7,
        8,
        9
    ],
    "y": [
        3749.0529723025247,
        3648.8369046597336,
        3549.2357063098398,
        3450.2373952735047,
        3351.3793304689148,
        3253.190768373201,
        3155.3484249562016,
        3057.721027718655,
        2960.480366057181,
        2863.5909307953493
    ]
}