{
    "x": [
        0,
        1,
        2,
        3,
        4,
        5,
        6,
        7,
        8,
        9,
        10,
        11,
        12,
        13,
        14,
        15,
        16,
        17,
        18,
        19,
        20
    ],
    "y": [
        20379.480940659454,
        20321.385559150454,
        20263.29875082856,
        20206.31541758873,
        20149.848518684998,
        20093.700207492948,
        20038.401365127065,
        19983.572295994294,
        19929.40831911818,
        19876.17389098388,
        19824.67474546406,
        19822.487985054853,
        19820.640278845185,
        19818.82882725661,
        19817.028960689895,
        19815.234899661686,
        19813.475887828732,
        19811.727710706436,
        19810.02558963511,
        19808.367564653803,
        19806.727376464933
    ]
}