{
    "x": [
        0,
        1,
        2,
        3,
        4,
        5,
        6,
        7,
        8,
        9,
        10,
        11,
        12,
        13,
        14,
        15,
        16,
        17,
        18,
        19,
        20
    ],
    "y": [
        20375.305572036275,
        20317.827507804584,
        20260.554974002396,
        20204.110226751156,
        20148.050429832547,
        20092.23191059447,
        20037.170287697318,
        19982.36566396497,
        19928.40515964511,
        19874.998380083045,
        19823.44713293641,
        19819.90124968795,
        19816.842142903974,
        19813.860584532573,
        19810.928293910714,
        19808.099634998376,
        19805.351226591607,
        19802.632397940928,
        19799.94202342582,
        19797.27206570491,
        19794.62035855287
    ]
}