{
    "x": [
        0,
        1,
        2,
        3,
        4,
        5,
        6,
        7,
        8,
        9,
        10,
        11,
        12,
        13,
        14,
        15,
        16,
        17,
        18,
        19,
        20
    ],
    "y": [
        37735.98899738327,
        37701.23410403878,
        37666.778254395205,
        37632.895903014156,
        37599.151821625914,
        37565.42696677199,
        37531.87955541814,
        37499.87015951657,
        37468.253800164115,
        37436.80071242754,
        37408.54242642724,
        37401.969787144284,
        37395.469089892504,
        37389.035356513916,
        37382.834226230945,
        37376.6587190792,
        37370.49905806646,
        37364.36915556811,
        37358.32428226966,
        37352.459141811785,
        37346.65378305271
    ]
}