{
    "x": [
        0,
        1,
        2,
        3,
        4,
        5,
        6,
        7,
        8,
        9,
        10,
        11,
        12,
        13,
        14,
        15,
        16,
        17,
        18,
        19,
        20
    ],
    "y": [
        37810.854713780966,
        37776.276067496794,
        37742.38387278188,
        37710.203679453414,
        37678.201646261245,
        37646.60941541841,
        37615.713565915816,
        37585.31711713982,
        37555.06985812494,
        37525.45598187063,
        37496.48083068565,
        37491.95032193522,
        37487.475717537876,
        37483.076587068426,
        37479.015706726655,
        37474.96650731869,
        37470.94825106829,
        37467.000485460485,
        37463.07570764385,
        37459.16872403236,
        37455.27160821906
    ]
}