{
    "x": [
        0,
        1,
        2,
        3,
        4,
        5,
        6,
        7,
        8,
        9
    ],
    "y": [
        3741.933240400327,
        3640.1485648744674,
        3539.881565010285,
        3440.196225291401,
        3340.9424029517972,
        3241.953755579781,
        3143.881792173212,
        3045.929403930784,
        2948.9062415008425,
        2852.2315027754375
    ]
}