{
    "x": [
        1,
        2,
        3,
        4,
        5,
        6,
        7
    ],
    "y": [
        37808.147942205214,
        37801.45383509121,
        37798.04191083073,
        37796.104158661576,
        37795.021089662674,
        37794.45934644814,
        37794.21111418688
    ]
}