{
    "x": [
        0,
        1
    ],
    "y": [
        8967.17275185728,
        8944.115584918734
    ]
}