{
    "x": [
        0,
        1
    ],
    "y": [
        20379.480940659454,
        20359.06661190791
    ]
}