{
    "x": [
        0,
        1,
        2,
        3,
        4
    ],
    "y": [
        37735.98899738327,
        37722.9941278065,
        37716.621778179695,
        37713.96596796432,
        37712.061550016384
    ]
}