{
    "x": [
        0,
        1,
        2,
        3,
        4
    ],
    "y": [
        55660.898443929014,
        55646.504106735214,
        55638.05422485019,
        55632.76370486237,
        55629.56043669085
    ]
}