{
    "x": [
        0,
        1,
        2,
        3,
        4
    ],
    "y": [
        37820.58962623246,
        37808.33320538345,
        37802.63248894277,
        37799.4647959141,
        37798.99247756816
    ]
}