{
    "x": [
        0,
        1,
        2
    ],
    "y": [
        20375.305572036275,
        20357.30036483791,
        20356.032269505355
    ]
}