{
    "x": [
        0,
        1,
        2
    ],
    "y": [
        8971.446127321611,
        8948.225296565097,
        8947.90976804764
    ]
}