{
    "x": [
        0,
        1,
        2
    ],
    "y": [
        37810.854713780966,
        37798.31174368738,
        37791.42009095264
    ]
}