{
    "x": [
        0,
        1
    ],
    "y": [
        20375.305572036275,
        20357.30036483791
    ]
}