{
    "x": [
        0,
        1,
        2,
        3,
        4,
        5
    ],
    "y": [
        55582.79996128824,
        55566.282302220265,
        55557.69474730471,
        55552.03087147911,
        55549.19920580275,
        55547.604158002825
    ]
}