{
    "x": [
        0,
        1
    ],
    "y": [
        3752.0641411739616,
        3729.4887975916604
    ]
}