{
    "x": [
        0,
        1,
        2,
        3,
        4,
        5,
        6
    ],
    "y": [
        55580.96947223075,
        55566.51184802562,
        55558.40909021961,
        55552.98946133007,
        55549.98817961791,
        55548.09042931613,
        55546.468937119935
    ]
}