{
    "x": [
        1,
        2,
        3,
        4,
        5,
        6,
        7,
        8
    ],
    "y": [
        55677.6468333454,
        55669.157361218386,
        55664.28090302703,
        55661.2784158743,
        55659.691573923876,
        55658.740169356,
        55658.297875012104,
        55658.089304871886
    ]
}