{
    "x": [
        1,
        2
    ],
    "y": [
        20373.765403742585,
        20368.141208152967
    ]
}