{
    "x": [
        0,
        1,
        2,
        3,
        4,
        5
    ],
    "y": [
        37844.203429452515,
        37831.70673719385,
        37824.906624327574,
        37821.252367358036,
        37819.72642219336,
        37818.91209299115
    ]
}