{
    "x": [
        0,
        1,
        2,
        3,
        4,
        5
    ],
    "y": [
        55786.977349245695,
        55772.43028962224,
        55764.89551157585,
        55759.776126083896,
        55757.40855364028,
        55755.71965215974
    ]
}