{
    "x": [
        0,
        1,
        2,
        3
    ],
    "y": [
        20386.058000234516,
        20366.27094952306,
        20362.293798271734,
        20361.719105248347
    ]
}