{
    "x": [
        0,
        1,
        2
    ],
    "y": [
        37844.203429452515,
        37831.70673719385,
        37824.906624327574
    ]
}