{
    "x": [
        0,
        1
    ],
    "y": [
        3749.0529723025247,
        3725.8358396826234
    ]
}