{
    "x": [
        0,
        1,
        2
    ],
    "y": [
        20446.750591496966,
        20415.245276754547,
        20402.82686093656
    ]
}