{
    "x": [
        1,
        2,
        4,
        8,
        16
    ],
    "y": [
        0.0,
        0.0,
        0.0015384615384615385,
        0.46073717948717946,
        1.0
    ]
}