{
    "x": [
        1,
        2,
        4,
        8,
        16
    ],
    "y": [
        0.0,
        0.0,
        0.007940518393541485,
        0.3203204358358482,
        1.0
    ]
}