{
    "x": [
        1,
        2,
        4,
        8,
        16
    ],
    "y": [
        0.0,
        0.0,
        0.003913639501625463,
        0.3253859501891426,
        1.0
    ]
}