{
    "x": [
        1,
        2,
        4,
        8,
        16
    ],
    "y": [
        0.0,
        0.0,
        0.015760441292356184,
        0.4004405447434871,
        1.0
    ]
}