{
    "x": [
        1,
        2,
        4,
        8,
        16
    ],
    "y": [
        0.10929006750911005,
        0.996078431372549,
        1.0,
        1.0,
        1.0
    ]
}