{
    "x": [
        1,
        2,
        4,
        8,
        16
    ],
    "y": [
        0.0032431183693778544,
        0.008711796629534418,
        0.05368787591009813,
        0.0493485984998026,
        0.03625740687026064
    ]
}