{
    "x": [
        1,
        2,
        4,
        8,
        16
    ],
    "y": [
        0.002457440646695614,
        0.006877548004537938,
        0.04777021172823526,
        0.046600803239185556,
        0.03258198604507902
    ]
}