{
    "x": [
        1,
        2,
        4,
        8,
        16
    ],
    "y": [
        0.0018007432601045148,
        0.004229100748247918,
        0.05223846718035151,
        0.03904853726831637,
        0.03527919679912011
    ]
}