{
    "x": [
        1,
        2,
        4,
        8,
        16
    ],
    "y": [
        0.0017375475757074302,
        0.006681197358188848,
        0.08627238198589257,
        0.035924232527759635,
        0.035924232527759635
    ]
}