{
    "x": [
        1,
        2,
        3,
        4,
        5,
        6,
        7,
        8,
        9,
        10,
        11,
        12,
        13,
        14
    ],
    "y": [
        177.93885847565193,
        162.47767516366054,
        147.08263461149372,
        131.80193372872242,
        116.75489760904058,
        101.95694482432373,
        87.3154248574496,
        73.04615834650117,
        59.68165496984327,
        46.57225738390237,
        46.36425401615672,
        46.1837794865243,
        46.00563624876723,
        45.84315939173013
    ]
}