{
    "x": [
        1,
        2,
        3,
        4,
        5,
        6,
        7,
        8,
        9,
        10,
        11,
        12,
        13,
        14,
        15,
        16,
        17,
        18,
        19,
        20
    ],
    "y": [
        252.08979902674673,
        248.29214371208363,
        244.88678222959368,
        241.87428267404255,
        239.39310347444982,
        236.9236323769069,
        234.6998776348695,
        232.7393513502101,
        230.96658522411312,
        229.29628583394293,
        227.6659163306247,
        226.10333289277824,
        224.5777046650465,
        223.1526242506125,
        221.74461212467284,
        220.47529606054496,
        219.24872913164447,
        218.025689546935,
        216.80457222296096,
        215.72147357932744
    ]
}