{
    "x": [
        1,
        2,
        3,
        4,
        5,
        6,
        7,
        8,
        9,
        10,
        11,
        12,
        13,
        14,
        15,
        16,
        17,
        18,
        19,
        20
    ],
    "y": [
        252.08979902674673,
        248.29214371208363,
        244.88678222959368,
        241.87428267404255,
        239.39310347444982,
        236.9236323769069,
        234.6998776348695,
        232.7393513502101,
        230.96658522411312,
        229.23889718760867,
        227.60852768429044,
        226.04594424644398,
        224.52031601871224,
        223.09523560427823,
        221.8111654077955,
        220.54184934366762,
        219.31528241476713,
        218.09224283005767,
        216.93445952709888,
        215.85136088346536
    ]
}