{
    "x": [
        1,
        2,
        4,
        8,
        16
    ],
    "y": [
        0.03143850000000001,
        0.0278769,
        0.036745599999999996,
        0.0259292,
        0.0243186
    ]
}