{
    "x": [
        1,
        2,
        3,
        4,
        5,
        6,
        7,
        8,
        9,
        10,
        11,
        12,
        13,
        14,
        15
    ],
    "y": [
        180.43600721035156,
        169.10151088859524,
        157.91812266882013,
        147.38313407988264,
        136.97472683141203,
        126.68958976234063,
        116.4270046683361,
        106.41300672128772,
        96.57903796100534,
        86.92316180008105,
        86.43776965761899,
        86.13797006361257,
        85.85810676061298,
        85.60978013012468,
        85.41202195723105
    ]
}