{
    "x": [
        1,
        2,
        4,
        8,
        16
    ],
    "y": [
        0.041112699999999995,
        0.0278705,
        0.0442088,
        0.026715,
        0.036750700000000004
    ]
}