{
    "x": [
        1,
        2,
        3,
        4,
        5,
        6,
        7,
        8,
        9,
        10,
        11
    ],
    "y": [
        188.36103040729648,
        169.26447282688375,
        150.3441268224228,
        131.507796830372,
        112.83318671391517,
        94.35708158030577,
        75.96913257238523,
        57.67609309888768,
        39.85652559304028,
        23.483253251780187,
        23.4281970626039
    ]
}