{
    "x": [
        1,
        2,
        4,
        8,
        16
    ],
    "y": [
        0.38445807770961143,
        0.9432624113475178,
        1.0,
        1.0,
        1.0
    ]
}