{
    "x": [
        1,
        2,
        3,
        4,
        5,
        6,
        7,
        8,
        9,
        10,
        11,
        12,
        13,
        14,
        15,
        16,
        17,
        18,
        19,
        20
    ],
    "y": [
        207.12617773420965,
        200.05406048209838,
        193.53325678727322,
        187.34155737400042,
        181.87048482667976,
        176.54874575867822,
        171.3653636315,
        166.23361291941453,
        161.10467917017093,
        156.48528219984397,
        155.49839075028828,
        154.5868662615627,
        153.67966189564794,
        152.7882193274045,
        151.9122038156916,
        151.1128566781223,
        150.3751346977813,
        149.6429041027363,
        148.94834788274264,
        148.2909168808388
    ]
}