{
    "x": [
        1,
        2,
        4,
        8,
        16
    ],
    "y": [
        2.3728949999999998,
        2.3812288,
        2.3738548219999998,
        2.367927884,
        2.3598732919999996
    ]
}