{
    "x": [
        1,
        2,
        4,
        8,
        16
    ],
    "y": [
        2.3532424,
        2.3971668,
        2.403597896,
        2.352928512,
        2.354370832
    ]
}