{
    "x": [
        1,
        2,
        4,
        8,
        16
    ],
    "y": [
        0.0,
        0.0,
        0.0012346703016516982,
        0.3464027149321267,
        1.0
    ]
}