{
    "x": [
        1,
        2,
        3,
        4,
        5
    ],
    "y": [
        20374.037894425717,
        20373.405453894047,
        20372.89803722217,
        20372.50769828041,
        20372.150705776363
    ]
}