{
    "x": [
        1,
        2,
        3,
        4,
        5,
        6,
        7,
        8,
        9,
        10,
        11,
        12,
        13,
        14,
        15,
        16,
        17,
        18,
        19,
        20
    ],
    "y": [
        3646.7567996727525,
        3546.337914014597,
        3446.7005673382214,
        3347.7912086072297,
        3249.067695157147,
        3150.3604442516107,
        3052.7553258580624,
        2955.468020656644,
        2858.31227055212,
        2762.2022232733925,
        2761.694454927443,
        2761.2009926863648,
        2760.7321572464266,
        2760.291767310697,
        2759.86070271826,
        2759.434479210436,
        2759.0178963152275,
        2758.603096754996,
        2758.2045129500143,
        2757.806204763258
    ]
}