{
    "x": [
        1,
        2,
        3,
        4,
        5,
        6,
        7,
        8,
        9,
        10,
        11,
        12,
        13,
        14,
        15,
        16,
        17,
        18,
        19,
        20
    ],
    "y": [
        8906.08681295392,
        8825.031585021596,
        8744.358077382376,
        8664.030851274072,
        8584.142338207888,
        8504.811602058366,
        8425.9883118942,
        8347.468648209793,
        8269.466201468073,
        8192.043854600563,
        8190.777121127217,
        8189.551816508571,
        8188.358719454894,
        8187.187167319082,
        8186.027054082381,
        8184.87518995789,
        8183.733296143959,
        8182.61633120437,
        8181.507109513228,
        8180.405286128176
    ]
}