{
    "x": [
        1,
        2,
        3,
        4,
        5,
        6,
        7,
        8,
        9,
        10,
        11,
        12,
        13,
        14,
        15,
        16,
        17,
        18,
        19,
        20
    ],
    "y": [
        8901.109779748933,
        8819.313255896488,
        8737.838317185238,
        8657.119449487698,
        8576.936380871712,
        8496.903688728398,
        8416.895551717447,
        8337.88555855915,
        8259.29124643227,
        8181.582338997766,
        8180.257437878796,
        8179.013244943205,
        8177.778696276803,
        8176.556695562549,
        8175.355631030328,
        8174.170719705839,
        8172.990880776152,
        8171.866394485532,
        8170.742613557236,
        8169.632182049066
    ]
}