{
    "x": [
        1,
        2,
        3,
        4,
        5,
        6,
        7,
        8,
        9,
        10,
        11,
        12,
        13,
        14,
        15,
        16,
        17,
        18,
        19,
        20
    ],
    "y": [
        20276.28781724814,
        20219.710372062415,
        20163.899001501963,
        20108.33014795572,
        20053.971804168774,
        19999.75851376407,
        19945.773881409958,
        19892.735260682424,
        19840.55083713585,
        19789.729390841985,
        19786.87582105912,
        19784.114202069173,
        19781.356356210996,
        19778.621779473666,
        19775.90239753126,
        19773.27347520813,
        19770.6795792922,
        19768.107976814277,
        19765.544863057014,
        19763.015075244875
    ]
}