{
    "x": [
        1,
        2,
        3,
        4,
        5,
        6,
        7,
        8,
        9,
        10,
        11,
        12,
        13,
        14,
        15,
        16,
        17,
        18,
        19,
        20
    ],
    "y": [
        55681.358521224094,
        55673.223964260935,
        55665.32665832797,
        55657.788546457785,
        55650.41459280241,
        55643.28986818136,
        55636.47472765271,
        55629.86842598252,
        55623.411533657716,
        55617.10797052671,
        55610.83289477524,
        55604.62015527496,
        55598.52013090693,
        55592.44627745102,
        55586.4082337723,
        55580.47511742243,
        55574.58561667466,
        55568.73668342255,
        55562.91776783357,
        55557.191699952156
    ]
}