{
    "x": [
        1,
        2,
        4,
        8,
        16
    ],
    "y": [
        2.342755,
        2.32108,
        2.3257539499999997,
        2.3302701200000002,
        2.31759234
    ]
}