{
    "x": [
        1,
        2,
        3,
        4,
        5,
        6,
        7,
        8,
        9,
        10,
        11,
        12,
        13,
        14,
        15,
        16,
        17,
        18,
        19,
        20
    ],
    "y": [
        3656.3294108809373,
        3556.65369056975,
        3457.0964525611557,
        3357.6426291869825,
        3258.361432684215,
        3159.1185686326753,
        3060.2974154213034,
        2962.571741263424,
        2864.972501809149,
        2767.5161695244897,
        2767.0621502709782,
        2766.6256633457438,
        2766.2072410322407,
        2765.7906325084036,
        2765.3780355252256,
        2764.9708816140915,
        2764.5660616084797,
        2764.1747981228227,
        2763.7924059125694,
        2763.4110902855214
    ]
}