{
    "x": [
        1,
        2,
        3,
        4,
        5,
        6,
        7,
        8,
        9,
        10,
        11,
        12,
        13,
        14,
        15,
        16,
        17,
        18,
        19,
        20
    ],
    "y": [
        20318.05202819345,
        20261.437434522457,
        20205.427414793692,
        20149.78367284567,
        20094.782282139156,
        20040.226241221048,
        19985.771483916014,
        19931.676371308316,
        19878.67875811786,
        19827.545354294536,
        19824.702019870892,
        19821.970192924324,
        19819.316118458904,
        19816.716285814164,
        19814.17525874687,
        19811.677629853224,
        19809.23081326191,
        19806.80688254082,
        19804.407580832776,
        19802.025946737653
    ]
}