{
    "x": [
        1,
        2,
        3,
        4,
        5,
        6,
        7,
        8,
        9,
        10,
        11,
        12,
        13,
        14,
        15,
        16,
        17,
        18,
        19,
        20
    ],
    "y": [
        55681.358521224094,
        55673.2377073494,
        55665.462334711825,
        55658.00149843234,
        55650.727062472855,
        55643.67987735312,
        55636.93606225548,
        55630.342139177,
        55623.928702917925,
        55617.629681604005,
        55611.40359824088,
        55605.19876700039,
        55599.10461442999,
        55593.03630176351,
        55587.01562382232,
        55581.087409422,
        55575.20022503056,
        55569.35328970215,
        55563.53905828837,
        55557.813915089915
    ]
}