{
    "x": [
        1,
        2,
        3,
        4,
        5,
        6,
        7,
        8,
        9,
        10,
        11,
        12,
        13,
        14,
        15,
        16,
        17,
        18,
        19,
        20
    ],
    "y": [
        37715.93584413266,
        37683.5869256537,
        37651.263417603644,
        37619.64494706948,
        37588.72128618746,
        37558.30271150356,
        37527.89090950319,
        37497.68361371286,
        37468.59809123607,
        37439.93593097407,
        37434.11801529395,
        37429.13595178349,
        37424.37350073324,
        37419.699874531405,
        37415.09232021959,
        37410.51329703418,
        37406.128122266215,
        37401.81728593503,
        37397.60592993516,
        37393.39465001088
    ]
}