{
    "x": [
        1,
        2,
        3,
        4,
        5,
        6,
        7,
        8,
        9,
        10,
        11,
        12,
        13,
        14,
        15,
        16,
        17,
        18,
        19,
        20
    ],
    "y": [
        37726.81942621846,
        37693.04738197053,
        37659.66098266667,
        37627.60232191254,
        37595.83202820229,
        37564.31360836212,
        37532.94396315227,
        37502.74699813595,
        37472.60933470211,
        37445.96126471782,
        37440.52000990723,
        37435.11981971556,
        37430.58391630543,
        37426.25021823647,
        37421.91760251084,
        37417.592457055165,
        37413.338169639144,
        37409.09583670291,
        37404.8921699886,
        37400.69118723165
    ]
}