{
    "x": [
        1,
        2,
        3,
        4,
        5,
        6,
        7,
        8,
        9,
        10,
        11,
        12,
        13,
        14,
        15,
        16,
        17,
        18,
        19,
        20
    ],
    "y": [
        55726.946667028795,
        55719.79204550948,
        55712.71399716591,
        55705.724279427,
        55699.25645725999,
        55692.813321499605,
        55686.50653913576,
        55680.24900966115,
        55674.01277994122,
        55667.848633731526,
        55661.72814991346,
        55655.65655549736,
        55649.61108559818,
        55643.60831932362,
        55637.71551953932,
        55631.84983302527,
        55626.09387601543,
        55620.34726974141,
        55614.603724767294,
        55608.865738990564
    ]
}