{
    "x": [
        1,
        2,
        3,
        4,
        5,
        6,
        7,
        8,
        9,
        10,
        11,
        12,
        13,
        14,
        15,
        16,
        17,
        18,
        19,
        20
    ],
    "y": [
        3643.4040464935433,
        3543.954311268775,
        3445.141216040442,
        3346.489273447077,
        3248.059216970036,
        3149.8955684801763,
        3052.005188444515,
        2954.3840279771025,
        2857.506055477187,
        2761.070177673157,
        2760.604199638789,
        2760.154218302253,
        2759.7236065280144,
        2759.3045476621696,
        2758.8884057760965,
        2758.476118152677,
        2758.0683278838633,
        2757.663235875884,
        2757.2639688082672,
        2756.86635012819
    ]
}