{
    "x": [
        1,
        2,
        3,
        4,
        5,
        6,
        7,
        8,
        9,
        10,
        11,
        12,
        13,
        14,
        15,
        16,
        17,
        18,
        19,
        20
    ],
    "y": [
        8906.08681295392,
        8825.031585021596,
        8744.358077382376,
        8664.030851274072,
        8584.142338207888,
        8504.811602058366,
        8425.9883118942,
        8347.468648209793,
        8269.466201468073,
        8192.043854600563,
        8190.77825181493,
        8189.562964019506,
        8188.370521228935,
        8187.201863701979,
        8186.043090066337,
        8184.893184690603,
        8183.754377719246,
        8182.639461031236,
        8181.530614194579,
        8180.429467144454
    ]
}