{
    "x": [
        1,
        2,
        3,
        4,
        5,
        6,
        7,
        8,
        9,
        10
    ],
    "y": [
        3646.4965999989377,
        3547.0492683297234,
        3447.880098865303,
        3348.9023651172815,
        3250.1343822755944,
        3151.68379518047,
        3053.6059172591567,
        2955.8131820896556,
        2858.222452352272,
        2761.5775021742593
    ]
}