{
    "x": [
        1,
        2,
        4,
        8,
        16
    ],
    "y": [
        2.405059,
        2.353597,
        2.4712505499999997,
        2.34816702,
        2.4469977700000003
    ]
}