{
    "x": [
        1,
        2,
        3,
        4,
        5,
        6,
        7,
        8,
        9,
        10,
        11,
        12,
        13,
        14,
        15,
        16,
        17,
        18,
        19,
        20
    ],
    "y": [
        8894.396926731037,
        8813.151091878508,
        8732.58937377314,
        8653.195387013631,
        8574.123386166204,
        8495.319875954243,
        8416.648062916818,
        8338.126850497727,
        8259.897592085037,
        8181.724964364883,
        8180.539144560492,
        8179.361682615791,
        8178.208215015827,
        8177.0614846684575,
        8175.928120856725,
        8174.801457014844,
        8173.6841638803035,
        8172.58079367742,
        8171.4857839797405,
        8170.392157412562
    ]
}