{
    "x": [
        1,
        2,
        3,
        4,
        5,
        6,
        7,
        8,
        9,
        10,
        11,
        12,
        13,
        14,
        15,
        16,
        17,
        18,
        19,
        20
    ],
    "y": [
        55644.69004976135,
        55635.369009919,
        55628.08978195355,
        55620.818783068265,
        55613.95511184802,
        55607.174187240096,
        55600.52829339921,
        55593.9824423478,
        55587.50110135685,
        55581.490996392225,
        55575.56664273525,
        55569.655288957205,
        55563.775086004585,
        55557.91712911981,
        55552.110600226304,
        55546.37267438585,
        55540.74903637323,
        55535.12958586117,
        55529.52233985939,
        55523.91600243518
    ]
}