{
    "x": [
        1,
        2,
        3,
        4,
        5,
        6,
        7,
        8,
        9,
        10,
        11,
        12,
        13,
        14,
        15,
        16,
        17,
        18,
        19,
        20
    ],
    "y": [
        20342.280535559014,
        20284.36523069446,
        20226.465862126464,
        20168.92990750218,
        20112.12585611592,
        20055.726520266388,
        19999.864382354306,
        19944.171355976214,
        19891.51487480613,
        19839.27243715091,
        19836.31979008442,
        19833.42760962764,
        19830.564649651857,
        19827.869990684165,
        19825.17723735404,
        19822.636868864807,
        19820.139713085817,
        19817.72440678927,
        19815.318125209385,
        19812.91374923062
    ]
}