{
    "x": [
        1,
        2,
        3,
        4,
        5,
        6,
        7,
        8,
        9,
        10,
        11,
        12,
        13,
        14,
        15,
        16,
        17,
        18,
        19,
        20
    ],
    "y": [
        37772.98703432759,
        37739.53603771785,
        37707.191054801595,
        37675.20619469108,
        37643.57067864766,
        37612.40543013932,
        37582.04098720113,
        37551.99429528948,
        37522.28812173598,
        37493.53146498082,
        37488.28423188768,
        37483.238886545485,
        37478.41216757253,
        37473.70523660684,
        37469.13789791171,
        37464.647968334146,
        37460.199241781826,
        37455.81200728288,
        37451.47427148129,
        37447.15004918432
    ]
}