{
    "x": [
        1,
        2,
        4,
        8,
        16
    ],
    "y": [
        0.43093204498291,
        0.452358722686768,
        0.440522193908691,
        0.425836801528931,
        0.420529127120972
    ]
}