{
    "x": [
        1,
        2
    ],
    "y": [
        21.34503312183206,
        20.548312788794927
    ]
}