{
    "x": [
        1,
        2,
        3,
        4,
        5
    ],
    "y": [
        72.97049086377515,
        67.70442515820586,
        63.08407788819712,
        59.555285258307265,
        56.55853399113381
    ]
}