{
    "x": [
        1,
        2
    ],
    "y": [
        8.591781598848494,
        4.144499676743845
    ]
}