{
    "x": [
        1,
        2
    ],
    "y": [
        13.1492360013134,
        10.962833762482182
    ]
}