{
    "x": [
        1,
        2
    ],
    "y": [
        20.21568475959271,
        17.863251698709934
    ]
}