{
    "x": [
        1,
        2,
        4,
        8,
        16
    ],
    "y": [
        0.0,
        0.2962962962962963,
        0.631578947368421,
        1.0,
        1.0
    ]
}