{
    "x": [
        1,
        2,
        3,
        4,
        5
    ],
    "y": [
        8.591781598848494,
        4.144499676743843,
        3.972833454907409,
        3.849032028615476,
        3.7983753996042378
    ]
}