{
    "x": [
        1,
        2,
        3,
        4,
        5,
        6,
        7,
        8,
        9
    ],
    "y": [
        20.21568475959271,
        17.863251698709934,
        17.23332355579781,
        16.77176522801679,
        16.338641335830243,
        16.072010501356626,
        15.83174084912068,
        15.603826673351705,
        15.389208854563098
    ]
}