{
    "x": [
        1,
        2,
        3,
        4,
        5,
        6,
        7,
        8,
        9
    ],
    "y": [
        59.84042187545209,
        55.77776225271091,
        52.02864567964466,
        48.636455514559394,
        45.63366207137359,
        42.908363899289355,
        40.65514830145722,
        39.027881932004014,
        37.958094635284986
    ]
}