{
    "x": [
        1,
        2,
        4,
        8,
        16
    ],
    "y": [
        0.0147429,
        0.0118485,
        0.0194851,
        0.00461175,
        0.010445694
    ]
}