{
    "x": [
        1,
        2,
        3,
        4,
        5,
        6,
        7,
        8
    ],
    "y": [
        77.07171474850223,
        71.02662693565689,
        66.00955368499444,
        61.97979921874439,
        58.002860171773456,
        54.6210295662545,
        51.495763788956424,
        49.34968361222222
    ]
}