{
    "x": [
        1,
        2,
        4,
        8,
        16
    ],
    "y": [
        0.08163265306122448,
        1.0,
        0.4444444444444444,
        0.4444444444444444,
        0.4444444444444444
    ]
}