{
    "x": [
        1,
        2,
        3,
        4,
        5,
        6,
        7
    ],
    "y": [
        39.650534642561006,
        38.00695743872195,
        36.86606978004637,
        35.79155644957185,
        34.806223340967925,
        34.355489069620404,
        33.91703620277717
    ]
}