{
    "x": [
        1,
        2,
        4,
        8,
        16
    ],
    "y": [
        0.3563218390804598,
        0.4098360655737705,
        0.5622489959839357,
        0.5645161290322581,
        0.4578313253012048
    ]
}