{
    "x": [
        1,
        2,
        3,
        4,
        5,
        6,
        7,
        8,
        9
    ],
    "y": [
        46.12549640764451,
        43.563956987954626,
        41.34960522385467,
        39.600761264162806,
        38.11524804407967,
        36.97926586689957,
        36.075100626797536,
        35.203802522540585,
        34.73268194709348
    ]
}