{
    "x": [
        1,
        2,
        4,
        8,
        16
    ],
    "y": [
        0.0024217,
        0.0025231,
        0.0042043,
        0.0023207,
        0.0023425
    ]
}