{
    "x": [
        1,
        2,
        3,
        4,
        5
    ],
    "y": [
        76.07313801993979,
        69.4433938054504,
        65.40654610573553,
        64.31219716537234,
        63.35800877743743
    ]
}