{
    "x": [
        1,
        2,
        3,
        4,
        5,
        6
    ],
    "y": [
        56.983451389243946,
        53.41472390125496,
        50.615623667201135,
        48.46469609288906,
        46.95573289895185,
        46.001225078742465
    ]
}