{
    "x": [
        1,
        2
    ],
    "y": [
        7.629339940970735,
        1.7900498453899758
    ]
}