{
    "x": [
        1,
        2,
        3,
        4,
        5,
        6,
        7,
        8,
        9,
        10
    ],
    "y": [
        60.19535375388691,
        56.21246877244565,
        53.28246314229917,
        51.105223250201526,
        49.52847207852198,
        48.035429499762806,
        46.72799364727068,
        45.54368401099426,
        45.03661885685,
        44.800724464743695
    ]
}