{
    "x": [
        1,
        2,
        3,
        4,
        5,
        6
    ],
    "y": [
        41.122831494043396,
        39.61727544355853,
        38.46475094380849,
        37.62725626130357,
        36.91325113835136,
        36.43386880790961
    ]
}