{
    "x": [
        1,
        2,
        3,
        4
    ],
    "y": [
        49.80012447057581,
        46.865441070590514,
        44.45433900263472,
        43.01116048624865
    ]
}