{
    "x": [
        1,
        2,
        4,
        8,
        16
    ],
    "y": [
        0.0031344000000000003,
        0.0022571,
        0.0025276,
        0.0023998,
        0.0021125
    ]
}