{
    "x": [
        1,
        2
    ],
    "y": [
        12.106780739098307,
        11.472917156514887
    ]
}