{
    "x": [
        1,
        2,
        3,
        4,
        5,
        6,
        7,
        8,
        9,
        10,
        11,
        12,
        13
    ],
    "y": [
        28.258234932610534,
        27.135578002994194,
        26.191790691705187,
        25.288112837249408,
        24.48400668199177,
        23.798211582252076,
        23.129200075363485,
        22.622059601666102,
        22.123695943072356,
        21.62772916863476,
        21.172568827638944,
        20.77486878190202,
        20.394044133183833
    ]
}