{
    "x": [
        1,
        2,
        4,
        8,
        16
    ],
    "y": [
        0.159633636474609,
        0.174924612045288,
        0.182731151580811,
        0.149412870407104,
        0.170688152313232
    ]
}