{
    "x": [
        1,
        2,
        4,
        8,
        16
    ],
    "y": [
        0.0027144,
        0.0029473,
        0.002819,
        0.003033,
        0.0025673
    ]
}