{
    "x": [
        1,
        2,
        3,
        4,
        5,
        6
    ],
    "y": [
        51.60094506976202,
        49.641297151935404,
        47.94408710223327,
        46.99731247536713,
        46.24890080363822,
        45.51164562366909
    ]
}