{
    "x": [
        1,
        2,
        4,
        8,
        16
    ],
    "y": [
        0.41353383458646614,
        0.5418502202643172,
        0.712,
        0.6540084388185654,
        0.6622807017543859
    ]
}