{
    "x": [
        1,
        2,
        3,
        4,
        5
    ],
    "y": [
        88.19457145923965,
        81.32082531110304,
        75.29480393923342,
        69.66568535769075,
        65.17430583753162
    ]
}