{
    "x": [
        1,
        2,
        4,
        8,
        16
    ],
    "y": [
        0.0039812680000000005,
        0.00365766,
        0.00556757,
        0.00409665,
        0.00826276
    ]
}