{
    "x": [
        1,
        2,
        3,
        4,
        5,
        6,
        7,
        8,
        9,
        10,
        11,
        12,
        13
    ],
    "y": [
        12.10678073909831,
        9.441448740062503,
        9.072904692064355,
        8.71696535985672,
        8.478048423128229,
        8.251962163839048,
        8.029036269196132,
        7.849751528740729,
        7.67184797738796,
        7.507437335939946,
        7.343220125115286,
        7.2171476306687685,
        7.113634089537283
    ]
}