{
    "x": [
        1,
        2,
        3,
        4,
        5
    ],
    "y": [
        7.629339940970734,
        1.7900498453899762,
        1.7499269483551654,
        1.717252972144542,
        1.6897176898944524
    ]
}