{
    "x": [
        1,
        2,
        4,
        8,
        16
    ],
    "y": [
        0.005568387,
        0.00552177,
        0.004488458999999999,
        0.00502716,
        0.00455193
    ]
}