{
    "x": [
        1,
        2,
        3,
        4,
        5,
        6,
        7,
        8,
        9,
        10
    ],
    "y": [
        42.910348841408904,
        41.69509144677469,
        40.50339742769903,
        39.31173182703322,
        38.63596185335489,
        38.09923615641386,
        37.73779487305796,
        37.40595470418234,
        37.08088080368111,
        36.973057219715784
    ]
}