{
    "x": [
        1,
        2
    ],
    "y": [
        7.629339940970734,
        6.957420561080052
    ]
}