{
    "x": [
        1,
        2,
        3,
        4,
        5,
        6,
        7,
        8,
        9,
        10,
        11,
        12
    ],
    "y": [
        12.10678073909831,
        9.441448740062503,
        9.085509407854868,
        8.834280301022662,
        8.59536336429417,
        8.36927710500499,
        8.146351210362074,
        7.967066469906672,
        7.789162918553903,
        7.624752277105889,
        7.460535066281229,
        7.357021525149743
    ]
}