{
    "x": [
        1,
        2,
        3,
        4
    ],
    "y": [
        28.321775310624034,
        27.649654643755586,
        27.3448256886112,
        27.166161778782243
    ]
}