{
    "x": [
        1,
        2,
        3,
        4,
        5,
        6,
        7,
        8,
        9,
        10
    ],
    "y": [
        90.49138255782891,
        83.6176364096923,
        78.63054523226572,
        76.28407301402149,
        74.24137745379358,
        72.23165258296953,
        70.32081836493437,
        68.51403103141257,
        67.41959566689573,
        66.57134010769327
    ]
}