{
    "x": [
        1,
        2,
        3,
        4,
        5,
        6,
        7,
        8
    ],
    "y": [
        92.14426452377636,
        85.1921136418087,
        78.79888200976428,
        73.30307493435011,
        68.48292259203842,
        63.9331870733247,
        60.08186653355699,
        56.33555252566997
    ]
}