{
    "x": [
        1,
        2
    ],
    "y": [
        29.13670325884731,
        28.632041527657076
    ]
}